Period,Austria,Belgium,Bulgaria,Cyprus,Czech Republic,EU (changing composition),Germany,Denmark,Estonia,Spain,Finland,France,Greece,Croatia,Hungary,Ireland,Italy,Lithuania,Luxembourg,Latvia,Malta,Netherlands,Poland,Portugal,Romania,Sweden,Slovenia,Slovakia
2022Oct,112.94,117.10,144.95,112.36,141.1,120.44,118.0,112.1,147.85,117.29,105.20,109.04,106.33,123.35,145.90,86.6,112.7,142.74,117.92,145.34,124.53,113.77,143.1,113.75,140.80,120.07,106.59,132.93
2022Sep,112.11,114.80,141.93,109.44,127.1,117.61,115.2,113.1,145.91,113.48,102.49,107.90,104.61,120.24,141.01,85.9,109.0,133.63,115.07,142.40,120.70,112.12,140.5,109.03,134.34,118.43,102.36,127.38
2022Aug,108.93,114.10,138.74,109.75,126.6,116.12,113.0,111.2,137.36,113.11,99.53,107.41,105.31,120.97,140.57,85.7,107.7,131.17,115.58,139.74,119.60,111.21,138.7,107.61,126.97,118.08,100.93,125.35
2022Jul,107.41,114.72,136.21,110.56,126.7,113.57,110.5,109.8,130.17,112.51,100.36,106.16,103.33,117.95,135.34,85.0,106.2,127.50,114.90,134.12,119.78,111.64,129.5,106.93,122.44,116.26,99.88,123.09
2022Jun,104.82,112.08,132.69,107.43,124.7,111.80,109.9,108.1,127.99,111.38,98.01,105.31,103.19,117.44,128.50,83.4,104.6,127.01,113.40,132.87,119.03,108.25,126.0,105.66,120.95,113.08,98.87,120.76
2022May,104.26,109.28,128.82,107.13,120.5,110.78,109.3,106.5,127.66,110.39,98.06,104.73,103.24,113.78,124.98,81.9,103.6,123.43,113.70,125.63,119.06,107.14,125.3,106.92,119.17,113.51,98.96,120.02
2022Apr,105.00,109.90,124.37,106.13,118.8,109.26,106.7,106.7,123.41,109.87,95.55,103.95,101.27,114.14,123.63,82.2,102.6,122.03,113.74,123.76,117.59,105.01,123.1,103.84,118.08,111.59,96.85,116.11
2022Mar,104.90,109.84,122.74,104.88,115.5,108.58,107.6,105.6,122.78,107.99,95.77,102.95,101.35,112.04,122.23,82.0,101.8,118.51,113.09,123.13,114.68,106.88,120.8,104.37,116.37,111.40,97.43,115.35
2022Feb,103.84,108.76,119.75,103.50,116.9,107.79,107.2,104.7,122.27,107.25,94.66,102.24,100.73,111.14,122.22,81.5,100.9,117.45,111.54,118.19,113.56,107.20,119.5,103.10,115.07,110.15,96.97,115.39
2022Jan,105.46,109.79,117.64,101.85,116.7,107.66,106.9,104.5,119.21,105.71,94.74,101.84,100.03,109.79,122.52,82.0,101.3,114.43,110.80,117.31,112.54,106.36,120.5,103.42,114.26,110.12,97.00,114.78
2021Dec,104.89,108.18,115.35,101.51,111.1,106.56,106.2,102.8,115.87,105.16,93.66,101.70,98.79,106.72,120.03,80.5,101.1,114.03,110.57,114.23,112.06,102.98,119.0,100.54,113.72,109.59,95.50,109.66
2021Nov,103.79,106.35,114.08,102.66,109.8,106.22,106.0,102.4,117.72,104.63,93.44,101.43,99.41,106.12,119.95,81.4,100.6,112.58,110.20,112.63,110.63,102.89,118.9,102.28,113.06,108.82,94.79,111.94
2021Oct,104.33,105.52,112.22,102.55,108.8,105.83,106.6,100.8,115.87,104.60,93.38,101.03,100.19,105.76,119.08,80.5,100.1,110.01,110.28,112.12,110.96,102.91,117.8,101.17,111.01,108.59,95.18,111.28
2021Sep,103.23,105.45,110.10,102.84,107.9,105.32,105.8,103.0,117.35,104.59,91.27,101.16,98.50,104.39,115.93,81.2,99.0,108.21,109.59,110.10,110.84,102.79,117.5,101.24,109.65,108.77,95.44,108.65
2021Aug,103.27,105.93,110.10,102.12,109.1,105.51,105.4,102.9,117.48,104.56,93.31,101.78,99.07,104.10,117.14,82.5,99.2,109.44,110.25,108.27,110.43,102.42,117.5,100.90,109.22,109.49,95.64,110.51
2021Jul,103.52,106.66,109.80,102.93,110.2,105.49,106.1,103.4,115.75,104.25,93.72,101.78,98.40,103.96,116.35,81.8,98.6,108.59,109.80,106.56,110.35,102.03,116.8,100.90,108.77,110.14,95.35,109.68
2021Jun,103.04,106.02,109.36,100.99,106.4,105.10,105.9,101.0,116.50,104.51,93.74,101.73,98.82,103.91,116.20,82.1,98.9,108.84,109.63,108.18,110.31,102.09,115.8,99.82,108.44,108.65,95.67,108.57
2021May,103.63,104.88,110.02,101.96,107.8,105.04,105.3,102.0,115.81,104.35,93.65,101.79,98.65,103.29,115.97,81.2,99.0,107.28,110.57,107.88,110.25,101.02,115.7,102.24,108.06,109.64,95.79,109.66
2021Apr,103.64,105.27,109.74,102.01,109.2,105.20,106.1,102.3,114.76,103.98,93.56,101.89,97.98,104.32,115.54,81.3,99.5,106.27,110.69,109.54,109.98,101.63,115.2,101.08,107.80,109.39,96.70,108.90
2021Mar,105.33,106.08,108.90,102.49,106.6,104.93,105.6,101.9,115.02,103.63,93.58,101.92,98.14,103.48,114.87,80.6,99.6,104.29,110.97,109.56,109.21,101.98,114.5,100.73,107.59,108.49,96.33,108.31
2021Feb,99.58,104.20,109.43,102.38,107.7,104.76,105.7,103.3,115.77,103.93,93.40,101.66,98.22,103.61,115.05,79.2,99.5,105.51,109.26,107.19,108.50,102.92,114.2,100.68,107.23,108.45,95.92,109.85
2021Jan,99.21,107.27,109.57,101.88,110.3,104.78,103.8,103.3,114.32,103.71,93.61,101.85,98.60,104.19,114.50,79.7,100.4,107.27,109.26,109.57,108.78,102.52,114.4,101.24,107.11,110.44,96.39,110.21
2020Dec,106.39,106.11,108.93,98.65,106.2,104.09,102.1,103.0,114.92,103.45,93.49,101.91,98.25,100.78,112.98,78.7,100.2,105.47,108.57,108.42,109.26,101.82,113.2,98.94,106.76,109.68,95.25,109.21
2020Nov,104.58,105.69,109.07,100.80,108.4,104.23,102.2,101.4,116.55,104.05,93.49,101.75,98.21,103.19,113.17,79.7,100.2,106.55,109.22,108.81,108.59,102.86,113.1,101.33,106.38,110.03,95.74,110.36
2020Oct,104.07,105.38,108.04,100.20,104.0,103.98,102.0,102.1,115.38,103.96,93.12,101.62,98.83,103.38,113.25,79.0,99.5,106.79,107.98,109.45,108.99,103.24,113.6,100.54,106.10,109.24,98.42,110.35
2020Sep,103.85,106.03,108.25,101.73,104.6,103.75,101.5,101.6,117.24,104.09,93.27,101.60,98.76,103.94,112.34,80.4,98.8,105.69,107.77,108.52,108.75,102.02,113.5,100.53,105.84,108.60,98.20,109.26
2020Aug,103.74,105.68,108.36,101.49,105.9,104.12,101.6,102.5,117.63,103.84,93.99,102.22,98.64,104.38,113.27,81.7,99.3,106.78,108.08,109.79,108.32,103.43,113.6,99.60,105.71,109.64,98.04,109.42
2020Jul,103.56,107.13,109.07,101.62,107.2,103.98,100.9,103.1,117.69,103.85,94.22,101.99,98.41,103.83,112.88,82.0,99.3,106.65,107.48,109.59,108.62,102.60,113.4,99.84,105.50,109.66,97.56,109.71
2020Jun,103.83,105.94,109.27,102.08,107.0,104.33,103.9,101.5,115.42,103.69,94.08,102.11,97.81,103.61,111.76,82.2,99.8,106.02,107.01,107.52,108.54,102.43,113.3,99.89,105.15,108.06,97.63,108.72
2020May,100.50,105.32,109.34,101.69,106.0,104.20,103.5,101.0,115.63,104.02,93.48,101.86,98.55,103.39,112.08,82.5,100.8,107.49,108.04,109.95,107.80,101.68,113.1,100.03,104.91,108.73,98.34,108.82
2020Apr,103.35,105.97,107.78,101.75,106.9,103.98,103.0,102.8,115.81,104.09,91.92,102.05,97.73,102.91,111.90,83.1,101.0,106.01,107.45,109.08,107.12,99.21,112.5,97.74,104.47,107.71,96.43,109.10
2020Mar,104.07,105.21,108.04,101.21,105.8,104.21,103.5,102.4,115.10,104.16,92.56,102.20,97.99,103.14,109.53,83.9,101.2,105.94,109.13,108.67,105.75,101.86,112.5,99.78,104.02,108.14,98.22,109.62
2020Feb,103.57,103.68,107.06,100.79,107.5,103.81,103.0,102.8,115.32,104.06,92.75,102.17,97.99,102.91,110.06,84.1,100.6,105.24,108.54,106.70,105.51,101.33,111.9,99.88,103.60,105.64,97.43,109.35
2020Jan,104.17,104.79,106.28,101.67,109.3,103.84,102.7,103.0,112.69,103.47,91.16,102.22,97.66,103.75,108.49,86.0,101.4,105.21,108.19,107.89,105.17,100.55,111.6,101.98,103.52,106.13,97.66,108.94
2019Dec,103.31,104.12,105.45,100.34,104.6,102.66,101.0,101.0,112.12,103.29,91.42,102.49,97.46,101.73,107.19,83.5,100.8,104.06,109.14,104.38,104.92,100.12,110.7,99.09,103.18,106.97,96.73,108.08
2019Nov,103.55,104.38,105.94,102.46,104.3,103.26,101.9,102.2,112.85,103.58,91.68,102.32,97.53,102.43,107.47,85.3,100.6,106.09,110.37,104.93,104.73,100.75,111.0,99.77,103.14,106.84,96.83,108.93
2019Oct,103.02,103.43,105.45,102.32,102.3,102.65,101.0,100.8,112.78,103.37,91.24,102.24,97.10,102.89,107.46,85.0,100.0,106.38,109.37,106.12,104.70,101.56,111.2,100.19,102.95,105.95,99.01,108.62
2019Sep,102.52,103.19,105.47,101.92,101.8,102.98,101.4,102.7,112.65,102.85,92.10,102.26,97.20,102.84,106.42,85.3,99.3,106.56,109.29,107.53,104.71,100.83,110.7,100.18,102.92,107.49,98.64,108.25
2019Aug,103.31,103.72,104.90,101.83,101.0,102.79,101.3,101.6,112.78,102.75,91.43,102.32,97.89,102.80,106.89,87.2,99.6,105.83,109.49,106.73,104.54,100.64,110.5,99.43,102.66,106.97,99.96,108.95
2019Jul,103.10,104.08,104.88,102.86,101.1,102.48,101.7,102.5,112.07,102.02,91.26,102.15,97.10,102.75,106.39,86.3,99.2,105.13,108.60,106.20,104.80,100.27,110.7,101.14,102.55,107.23,99.80,107.51
2019Jun,103.33,103.40,103.98,103.30,101.2,102.24,101.1,101.8,113.91,102.83,91.33,102.23,96.95,101.90,106.77,87.0,99.3,103.43,109.11,106.57,105.13,99.94,109.3,101.50,102.13,105.37,99.39,107.03
2019May,102.42,102.52,104.47,102.82,102.3,102.44,101.3,101.8,112.90,102.67,91.29,102.21,101.63,102.42,106.54,85.1,99.4,105.12,108.19,106.87,104.77,99.19,108.7,101.66,101.88,105.42,99.92,107.53
2019Apr,102.74,102.93,103.79,101.12,99.4,102.20,101.3,100.3,111.95,102.79,91.16,102.13,101.92,101.01,105.76,87.1,100.2,104.47,108.65,106.86,104.89,98.79,108.6,100.79,101.53,104.66,99.68,105.66
2019Mar,103.09,103.61,103.01,100.97,101.5,102.33,101.7,103.2,111.00,102.60,91.45,101.97,102.31,102.52,106.63,88.1,100.4,103.18,108.60,106.00,104.54,100.42,107.9,101.23,101.30,104.61,100.69,106.50
2019Feb,102.74,102.68,103.17,102.37,101.8,102.01,101.2,103.2,109.91,102.07,91.13,101.90,102.61,102.17,107.48,86.4,100.3,103.90,107.02,104.69,103.84,99.79,107.5,102.19,100.99,103.68,101.14,106.14
2019Jan,102.50,104.72,102.68,102.48,101.3,102.18,101.6,104.0,109.01,101.86,90.81,101.62,102.11,101.90,106.73,88.8,100.6,102.05,106.70,105.52,103.58,99.92,106.7,103.35,100.78,103.86,100.95,107.20
2018Dec,102.43,103.36,101.84,98.97,99.7,101.05,100.4,101.1,109.52,101.96,90.31,101.44,101.77,99.99,103.37,85.8,100.4,100.38,107.71,103.34,103.59,98.15,105.1,101.69,100.70,104.72,99.35,103.84
2018Nov,102.00,103.27,102.17,99.13,98.9,101.22,101.5,101.7,109.14,102.07,90.50,101.23,102.39,101.28,103.17,87.4,100.2,100.56,108.33,101.77,103.69,97.72,105.0,101.69,100.82,104.76,99.24,107.25
2018Oct,101.76,102.47,102.03,102.46,101.7,101.17,101.5,100.5,110.27,101.91,90.33,101.16,101.49,101.40,104.24,87.8,100.0,100.17,107.75,101.76,103.25,98.35,105.2,102.00,100.74,102.48,101.17,106.46
2018Sep,101.36,102.26,102.01,101.66,99.1,101.24,101.6,101.3,110.61,101.09,91.25,100.98,101.96,101.79,103.76,88.4,99.7,100.34,107.36,102.46,103.28,97.26,104.7,101.10,100.90,103.69,100.76,106.42
2018Aug,101.13,102.18,101.93,102.04,101.3,101.63,102.2,100.1,110.86,101.10,90.61,101.01,101.92,102.84,104.16,90.2,100.1,101.16,108.07,102.55,103.07,96.98,104.5,101.52,100.95,102.75,101.05,107.05
2018Jul,101.94,104.07,101.67,103.46,102.3,101.29,102.1,100.5,109.34,100.44,91.04,100.69,102.59,103.25,104.34,90.9,99.9,102.21,108.17,103.55,102.71,97.66,104.2,101.93,101.27,103.28,101.56,106.30
2018Jun,101.28,103.27,103.45,102.86,104.4,101.14,102.2,99.6,111.36,101.10,90.74,100.52,102.34,102.12,104.28,88.4,100.0,103.26,107.69,104.51,103.01,96.67,103.9,101.81,101.37,102.38,101.87,105.87
2018May,101.13,102.79,103.65,102.01,105.5,101.42,101.9,100.3,110.14,101.26,91.13,100.70,102.70,102.36,105.11,88.3,99.7,101.78,107.55,104.37,103.76,96.79,103.9,102.50,101.27,103.97,102.21,107.29
2018Apr,100.93,102.96,104.78,99.04,104.3,101.56,102.1,99.9,108.07,101.51,90.94,100.75,102.81,102.87,105.34,89.6,100.1,102.66,108.03,104.64,103.91,96.35,104.0,102.37,101.29,103.26,101.33,105.59
2018Mar,100.91,102.86,103.85,102.20,104.8,101.22,101.5,100.0,110.19,101.42,91.13,100.71,102.61,100.78,105.17,90.1,100.1,102.92,108.30,105.26,104.22,96.93,103.4,101.54,101.78,103.10,102.24,105.38
2018Feb,100.97,101.15,104.09,104.00,106.3,101.19,101.4,101.3,110.48,101.17,90.98,100.68,102.58,102.29,106.70,88.5,100.4,104.08,105.91,105.21,104.38,97.12,104.1,99.49,101.81,102.58,101.62,106.54
2018Jan,101.58,103.40,104.60,103.78,106.6,101.98,101.6,102.3,109.13,101.09,90.58,100.93,103.14,102.42,106.76,92.2,100.7,104.26,106.64,104.97,104.73,97.47,105.6,101.86,101.87,102.79,102.19,106.72
2017Dec,101.85,102.24,104.78,102.65,103.8,101.01,100.8,101.5,109.93,100.91,89.42,100.87,102.85,100.36,104.81,89.3,100.5,102.96,106.42,104.18,104.70,97.45,105.4,101.22,101.81,103.14,101.97,105.25
2017Nov,101.50,101.62,106.27,102.12,104.6,101.49,100.9,102.5,109.58,101.31,89.55,100.97,102.94,101.94,107.28,90.5,100.3,104.25,107.10,105.83,104.59,98.15,106.9,99.96,102.07,102.91,101.98,106.72
2017Oct,102.26,99.74,108.27,100.75,106.4,101.32,100.9,102.6,109.33,101.14,89.64,100.65,102.85,102.85,108.18,92.6,100.1,105.35,106.74,106.99,103.75,98.85,107.9,100.96,102.34,101.45,102.36,106.37
2017Sep,101.78,100.97,109.31,101.09,105.2,101.83,101.5,102.8,110.93,101.12,89.70,100.83,103.24,104.33,109.09,92.2,99.6,105.52,106.39,106.70,102.99,99.10,108.3,101.88,102.31,102.98,101.83,105.34
2017Aug,101.89,101.49,109.96,99.35,103.8,101.80,101.2,101.8,111.33,101.05,89.54,100.79,102.87,104.13,110.44,95.0,99.8,105.00,106.84,109.98,102.31,98.63,109.3,101.48,102.22,103.34,102.63,106.11
2017Jul,101.31,101.88,109.53,100.19,104.6,101.85,101.6,103.7,110.77,100.58,89.65,100.91,103.46,104.08,110.74,93.8,99.9,107.19,106.05,111.73,102.32,98.61,109.2,101.80,102.00,103.76,102.46,104.99
2017Jun,101.10,101.17,109.70,98.52,104.2,101.49,101.7,101.4,110.34,101.12,89.91,100.91,103.20,103.37,109.85,93.3,99.9,106.28,106.26,110.99,101.97,98.76,108.6,102.20,101.82,101.86,102.69,103.05
2017May,101.63,100.73,110.06,99.81,105.0,101.95,101.6,101.5,110.15,101.11,90.18,100.74,103.92,103.46,110.53,94.5,99.9,106.21,106.23,110.44,101.81,98.96,108.7,102.35,101.63,101.99,102.72,105.44
2017Apr,101.35,102.61,110.09,98.80,102.0,101.42,100.6,101.4,109.23,101.29,89.53,100.65,103.28,103.64,110.05,93.2,100.3,106.88,105.08,112.17,101.54,98.08,108.0,101.01,101.35,101.60,102.35,104.29
2017Mar,101.48,101.06,109.72,100.56,101.8,101.30,101.5,102.8,109.35,101.38,89.33,100.51,103.56,103.40,109.33,93.1,100.4,105.82,106.47,110.15,102.04,99.02,107.7,101.81,101.24,101.76,102.64,104.20
2017Feb,101.53,101.44,109.16,100.74,104.5,101.23,101.0,102.8,108.20,101.30,89.48,100.55,103.77,103.65,109.63,92.5,100.1,105.66,104.72,110.62,102.04,99.31,108.1,100.79,101.11,101.21,102.22,105.50
2017Jan,101.79,101.46,108.76,102.88,105.1,101.85,101.5,102.8,104.57,101.24,89.67,100.74,103.53,103.72,108.09,95.5,100.4,105.45,104.10,110.97,101.04,98.25,108.3,101.75,100.95,101.23,102.44,105.73
2016Dec,101.07,101.45,107.91,103.05,103.3,100.91,101.0,101.4,103.85,100.80,99.76,100.67,103.51,100.53,107.24,92.6,100.2,103.83,102.15,108.50,100.07,98.92,107.4,101.51,100.86,101.52,101.77,102.82
2016Nov,100.40,100.63,108.36,102.27,102.9,100.93,101.2,100.9,104.42,101.30,99.60,100.59,103.30,102.54,108.92,93.3,100.0,103.79,102.78,106.83,100.18,99.02,107.7,101.31,99.87,101.25,101.67,103.34
2016Oct,100.25,100.13,108.47,102.28,101.9,101.17,101.0,100.9,103.70,101.50,100.00,100.62,103.55,102.84,109.43,95.3,99.9,103.68,103.25,106.52,100.52,100.37,107.6,98.83,99.82,101.67,101.74,103.62
2016Sep,99.21,100.61,107.60,98.97,100.5,100.83,101.2,100.9,105.00,101.20,100.18,100.86,104.27,102.43,108.53,95.6,99.2,103.25,103.21,104.23,99.82,98.88,107.0,99.04,99.65,101.53,101.07,102.92
2016Aug,99.58,100.75,108.06,98.58,99.9,101.21,101.0,101.8,104.13,101.03,99.86,100.92,103.62,101.45,108.65,98.1,99.5,102.74,102.79,103.99,99.95,99.49,105.8,98.75,99.36,102.25,101.29,104.33
2016Jul,99.61,100.72,107.01,97.68,100.6,100.64,100.8,100.8,102.16,100.83,100.48,100.90,103.09,101.77,107.73,97.2,99.2,102.59,103.30,105.20,99.74,99.21,104.7,98.79,98.92,102.14,101.40,102.80
2016Jun,100.64,100.49,105.59,96.69,97.3,100.55,101.2,101.3,102.80,101.12,100.22,100.85,103.92,101.77,106.63,99.4,99.4,102.55,103.06,104.07,99.97,98.93,104.2,99.17,98.76,100.45,101.57,103.47
2016May,100.45,100.26,105.06,97.26,99.4,100.88,101.0,100.4,102.93,101.41,100.14,100.79,103.35,101.61,106.67,98.2,99.4,102.18,102.29,105.49,100.11,99.13,104.3,98.95,98.15,101.19,101.19,103.28
2016Apr,101.45,100.95,104.97,98.26,98.6,101.07,100.9,100.3,102.63,101.53,100.28,100.64,103.29,101.04,106.02,99.1,100.0,102.98,102.16,102.89,99.52,101.74,104.5,98.74,97.89,100.53,100.83,103.16
2016Mar,100.73,100.71,103.73,99.44,97.0,100.29,100.4,98.9,102.80,101.21,100.39,100.48,103.19,99.46,104.59,99.7,100.0,103.16,102.03,102.72,99.13,99.64,103.9,99.05,97.63,100.84,100.51,102.34
2016Feb,100.36,99.57,103.82,100.89,98.6,100.22,99.9,100.2,101.53,101.12,100.24,100.47,103.12,100.15,105.27,97.9,99.9,101.13,100.96,101.89,99.10,99.48,103.2,98.79,97.35,100.03,100.98,102.81
2016Jan,100.84,100.54,103.05,101.35,97.7,100.62,100.3,101.0,100.90,100.76,100.30,100.44,103.30,100.33,104.21,101.3,100.1,101.51,100.42,100.16,99.18,98.52,102.3,99.94,96.91,101.07,100.35,101.93
2015Dec,99.27,99.65,102.34,99.76,97.5,99.96,99.8,100.9,101.80,100.98,99.74,100.42,102.89,98.43,102.03,99.3,100.0,99.39,100.47,100.56,99.51,99.68,101.6,98.79,96.68,100.53,100.57,98.62
2015Nov,99.23,99.55,102.59,99.29,98.0,100.18,99.7,100.2,102.04,100.96,99.39,100.28,103.00,99.58,102.55,100.1,99.8,100.99,99.57,101.06,99.33,99.31,102.4,99.37,96.51,100.09,100.80,99.89
2015Oct,99.17,99.63,101.87,99.53,99.5,100.13,99.7,98.9,101.42,100.58,99.87,100.34,103.00,100.38,102.66,98.9,100.0,100.06,100.46,100.79,99.00,100.45,102.0,99.56,95.97,99.76,100.82,100.36
2015Sep,100.25,99.44,101.07,97.51,99.6,100.00,99.9,100.2,101.05,100.07,100.40,100.31,103.05,100.20,100.34,101.5,99.5,97.92,100.40,101.25,99.48,100.23,101.2,98.92,95.60,99.84,100.38,100.04
2015Aug,99.32,99.86,100.46,99.21,100.0,99.98,99.7,99.7,100.69,100.05,99.84,100.15,102.94,100.07,100.41,100.7,99.7,99.09,100.27,100.22,99.66,99.89,100.7,99.65,95.33,100.85,100.38,99.68
2015Jul,100.50,100.01,99.92,98.48,99.4,99.77,100.3,101.2,99.40,99.74,99.94,100.05,98.03,100.16,99.65,100.9,99.5,99.57,100.21,99.33,99.49,99.92,99.7,100.03,95.13,100.99,100.08,100.25
2015Jun,100.42,99.79,99.41,99.43,99.9,99.80,100.7,101.0,99.58,99.75,100.20,100.09,97.83,100.28,98.81,102.1,99.8,99.45,99.80,97.91,100.63,99.72,98.9,100.15,95.19,100.17,99.81,99.32
2015May,100.55,100.08,99.19,98.06,101.1,100.40,100.5,101.4,99.31,99.50,100.36,99.80,98.01,100.86,100.18,101.7,100.1,99.19,100.18,99.72,100.84,99.97,98.9,101.27,105.99,100.48,98.77,100.48
2015Apr,100.83,100.81,99.12,101.21,99.7,100.18,100.4,99.7,99.80,99.37,100.41,99.81,97.86,100.54,98.73,100.5,100.4,100.04,100.05,99.52,100.29,100.30,99.1,100.22,106.03,100.13,99.51,100.26
2015Mar,101.21,100.60,97.60,99.78,101.8,100.05,100.7,99.6,98.27,99.55,100.07,99.61,97.92,99.75,97.96,96.7,100.6,100.90,99.61,100.40,100.47,100.89,98.6,100.04,105.92,99.05,99.84,99.49
2015Feb,99.20,100.16,98.33,103.20,101.1,99.76,99.9,99.0,97.91,99.73,99.97,99.64,97.96,99.83,98.16,97.2,100.3,101.68,99.38,99.55,100.63,100.55,98.6,101.37,105.86,98.89,99.65,100.55
2015Jan,100.04,100.42,98.10,104.53,102.5,99.78,98.8,98.2,98.73,99.71,99.81,99.50,97.51,99.93,98.53,100.5,100.3,101.72,99.60,99.70,100.67,99.09,98.4,100.62,105.81,99.21,99.39,101.06
2014Dec,99.85,99.32,98.04,102.21,100.6,99.12,97.3,96.1,99.14,99.73,99.76,99.53,97.61,98.53,97.68,100.0,100.4,101.73,99.09,98.93,101.03,100.01,98.3,101.16,105.79,99.53,98.02,99.24
2014Nov,99.95,99.15,98.02,103.07,99.6,99.17,97.1,96.2,97.67,100.04,99.61,99.54,97.44,99.01,99.30,100.4,100.3,103.93,99.67,100.21,100.93,100.09,98.8,101.67,105.73,99.60,98.22,100.19
2014Oct,99.93,99.11,98.60,101.22,99.8,99.25,97.8,97.0,97.32,100.24,100.25,99.56,97.80,99.49,99.57,101.0,100.2,102.48,99.52,98.69,100.84,100.24,99.4,102.06,106.04,99.26,97.87,99.76
2014Sep,99.55,99.30,98.10,102.57,101.0,99.71,97.9,96.8,96.54,101.24,100.58,99.97,98.06,99.02,99.39,102.1,99.9,104.06,97.06,99.75,100.34,100.03,99.5,101.92,106.05,99.30,97.83,99.75
2014Aug,99.70,99.59,99.15,102.31,102.0,99.83,98.0,95.9,97.90,101.23,99.99,100.34,98.04,99.33,100.70,103.1,100.0,104.66,97.93,99.07,100.64,99.57,99.6,102.70,106.34,99.85,97.71,101.11
2014Jul,100.00,99.82,100.36,102.08,98.6,99.86,98.0,96.8,98.82,101.32,100.01,100.37,97.70,99.26,101.47,102.6,100.0,104.39,98.01,101.46,100.22,101.03,100.2,102.83,106.58,100.06,98.00,100.17
2014Jun,99.26,99.73,102.55,103.20,98.8,99.75,97.5,96.3,98.66,101.50,99.72,100.70,97.39,99.07,101.80,102.2,99.7,104.05,98.16,100.09,101.51,100.59,100.8,103.46,106.90,97.75,98.62,100.40
2014May,99.17,99.62,104.31,101.84,100.8,100.03,97.1,96.8,98.92,101.84,100.82,101.05,97.95,98.98,103.15,103.2,100.2,104.91,98.19,99.21,101.72,101.01,101.4,103.81,107.38,98.97,98.77,101.30
2014Apr,99.59,99.40,105.01,104.91,98.7,100.07,96.3,96.4,98.91,102.04,100.23,101.24,98.12,98.89,101.01,101.1,100.3,104.51,98.98,100.17,101.61,100.25,101.5,103.75,108.15,98.32,98.43,99.08
2014Mar,99.75,98.66,106.30,105.07,101.4,100.38,96.8,96.8,100.16,102.88,100.27,101.50,97.90,98.78,102.81,102.7,100.7,104.94,97.68,97.52,101.55,101.72,103.9,103.91,108.51,98.23,99.12,100.11
2014Feb,99.59,98.74,107.43,104.67,99.7,100.62,96.8,95.7,101.18,103.02,100.33,101.73,98.08,99.15,102.78,101.1,100.7,105.42,97.36,99.03,101.36,101.98,104.6,104.12,108.73,98.52,98.58,101.80
2014Jan,99.09,98.58,109.39,103.51,100.0,100.68,96.6,95.7,100.62,102.97,99.98,102.08,98.60,99.09,103.41,103.3,100.5,103.99,96.92,99.67,100.74,100.34,105.7,104.25,109.03,98.59,99.27,101.64
2013Dec,98.60,98.91,110.01,103.70,97.7,99.98,95.8,96.8,100.24,103.06,99.99,102.10,98.31,98.46,101.80,100.9,100.5,103.00,96.08,98.99,101.88,101.05,105.5,104.26,108.89,98.72,98.83,98.99
2013Nov,97.99,99.11,110.50,103.98,98.9,100.26,96.4,96.9,100.47,103.15,99.82,102.17,98.49,99.48,103.83,100.4,100.3,104.52,97.66,99.26,101.81,100.77,106.9,104.54,109.07,99.79,98.67,102.13
2013Oct,98.36,99.49,112.11,104.57,97.9,100.32,95.9,98.3,99.86,103.34,100.00,102.27,98.48,99.78,103.89,101.7,100.1,106.00,96.57,99.98,101.65,101.68,107.1,104.77,109.18,98.99,99.04,101.11
2013Sep,97.50,99.44,111.85,104.20,98.5,100.35,96.2,98.8,98.63,103.34,100.02,102.73,98.71,100.28,104.68,102.9,99.7,105.20,96.50,99.34,101.62,101.74,107.6,105.29,109.08,99.52,100.10,102.48
2013Aug,97.64,99.53,112.65,103.21,99.3,100.53,96.0,97.8,99.10,103.34,99.50,102.65,99.24,100.40,106.82,102.7,99.7,105.73,96.84,98.41,101.56,102.15,107.8,105.16,109.16,100.20,99.62,102.89
2013Jul,97.42,99.47,113.20,101.39,99.7,100.71,96.5,96.6,98.43,103.37,99.21,102.60,99.06,100.05,107.54,103.2,99.7,106.15,96.14,99.18,101.84,102.26,108.5,105.20,109.32,100.20,99.86,103.59
2013Jun,97.01,99.79,113.92,103.20,98.9,100.26,95.3,97.8,99.18,103.25,99.14,102.88,99.42,99.90,107.13,102.6,99.7,106.74,96.67,100.34,101.98,101.50,109.3,105.31,109.44,99.02,99.42,103.18
2013May,98.09,99.62,115.32,102.83,98.0,100.62,95.3,97.8,99.36,103.09,98.70,102.85,99.20,99.72,108.12,103.3,99.8,106.15,96.30,99.97,101.39,102.03,109.6,105.64,109.33,99.68,99.19,103.07
2013Apr,97.71,99.81,114.69,102.52,99.9,100.80,95.1,98.9,99.23,102.87,98.60,102.97,99.40,100.18,108.94,103.5,99.4,105.86,95.95,99.53,100.69,101.84,109.9,105.26,109.50,100.14,99.19,102.34
2013Mar,97.38,99.04,115.55,105.10,97.5,100.06,95.2,97.6,99.67,102.90,98.20,102.82,99.04,99.85,106.22,101.7,99.4,105.01,94.93,99.41,100.39,103.19,109.9,105.68,109.53,98.52,99.53,103.49
2013Feb,97.33,98.63,115.44,105.12,97.7,100.21,94.4,97.8,100.04,103.09,98.05,102.74,99.28,99.81,108.23,102.2,99.1,105.17,94.35,99.11,99.40,103.17,110.3,105.88,109.53,100.62,98.98,103.94
2013Jan,96.95,98.34,116.26,104.87,99.7,100.42,94.2,97.6,99.18,102.97,97.03,102.91,99.18,99.60,108.83,104.2,99.0,105.32,95.15,99.37,98.58,101.13,111.0,106.25,109.56,100.51,99.63,103.90
2012Dec,96.99,97.78,116.19,103.25,97.9,100.02,93.6,96.4,98.59,102.97,96.75,103.27,99.70,99.17,106.98,103.7,99.0,104.31,94.73,98.78,97.15,102.24,110.6,106.00,109.23,99.60,98.69,100.58
2012Nov,96.78,97.21,116.53,104.45,97.0,100.04,93.7,96.9,98.23,103.41,96.76,103.15,99.81,99.90,109.17,102.5,98.7,105.62,94.11,98.72,97.11,101.25,111.2,105.99,109.11,99.91,98.79,101.77
2012Oct,96.91,97.38,116.70,104.88,97.2,99.92,93.6,97.5,97.91,103.51,96.77,103.04,99.68,100.29,109.72,103.4,98.4,105.70,94.34,98.53,97.15,101.42,111.3,105.94,108.83,99.55,98.82,101.54
2012Sep,95.89,97.42,117.27,103.90,97.8,99.30,93.3,96.5,98.25,102.87,97.02,102.93,100.01,99.77,110.48,103.2,98.1,105.60,95.02,99.05,96.35,99.85,111.3,105.25,108.46,100.05,98.25,101.33
2012Aug,96.61,96.66,117.43,103.03,98.6,99.26,93.3,96.6,98.12,102.27,96.04,103.26,99.90,99.86,111.32,102.0,97.9,105.29,94.83,99.00,96.27,100.15,111.0,104.40,107.82,100.08,98.42,102.52
2012Jul,96.24,95.87,115.62,103.56,98.4,99.17,93.0,96.4,98.38,102.00,97.00,103.17,99.84,99.19,111.48,102.4,97.8,105.56,94.93,98.94,94.35,100.92,110.9,104.03,107.55,100.00,98.83,101.26
2012Jun,96.24,95.44,114.92,103.20,96.7,98.92,93.3,96.3,98.89,102.02,97.34,103.01,99.79,99.13,110.82,103.9,97.6,104.36,94.39,100.06,94.30,100.95,110.7,103.71,107.41,99.67,98.55,102.63
2012May,96.30,95.48,115.50,104.37,98.0,99.08,93.2,95.5,98.63,102.09,96.44,102.77,100.16,99.21,110.92,103.8,97.1,105.99,92.90,99.54,93.16,100.98,110.5,103.51,107.34,99.12,98.54,102.28
2012Apr,95.71,95.30,116.21,103.70,97.1,98.75,92.9,94.5,98.47,102.03,96.09,102.76,100.32,98.80,111.13,103.4,96.9,106.36,92.77,98.97,92.60,100.56,110.3,103.84,107.28,98.89,97.30,100.65
2012Mar,95.68,94.52,117.69,104.63,98.1,98.24,92.8,94.9,98.83,101.79,95.67,102.67,100.24,98.12,111.51,101.3,96.7,105.56,91.65,98.43,92.20,101.75,109.8,103.67,107.31,99.91,97.74,101.75
2012Feb,94.32,94.56,118.66,103.99,96.5,98.34,91.9,93.7,98.56,101.48,94.70,102.65,100.17,98.98,111.48,101.4,96.4,105.63,91.59,99.39,91.97,101.71,109.5,103.80,107.12,99.35,97.04,102.41
2012Jan,93.30,94.23,118.80,103.66,96.4,97.78,91.7,90.7,96.43,101.38,94.07,102.69,100.27,98.98,110.14,103.5,96.4,105.76,91.47,99.48,91.73,99.94,109.0,103.35,107.08,98.79,96.92,101.62
2011Dec,92.95,93.80,118.91,102.21,96.5,97.10,91.0,87.8,97.36,101.16,89.84,102.48,100.28,98.51,105.47,102.6,96.1,104.94,91.55,98.65,91.51,100.17,108.5,101.67,106.94,98.80,96.55,100.13
2011Nov,92.31,93.66,119.13,103.44,95.5,96.79,90.6,87.4,97.04,101.51,89.49,101.94,99.93,98.96,105.72,101.8,95.8,103.02,91.98,98.50,91.43,99.72,108.3,101.29,106.74,98.21,96.26,99.77
2011Oct,92.97,92.96,118.66,102.86,93.3,96.67,90.4,86.8,97.21,101.52,89.60,101.47,99.39,98.94,105.10,104.3,95.5,102.31,91.16,97.98,91.11,99.98,107.7,102.34,106.64,97.71,95.59,99.99
2011Sep,92.39,92.78,119.12,102.12,91.8,96.22,89.7,86.5,98.40,101.19,89.21,101.29,99.19,99.00,104.17,102.9,95.0,100.99,90.44,98.10,90.28,99.50,106.9,101.41,106.54,98.53,95.02,99.73
2011Aug,92.19,92.61,118.66,101.43,92.2,95.88,89.2,86.8,98.47,101.16,88.59,101.15,98.50,98.50,103.98,103.4,94.7,100.22,90.03,97.18,89.75,99.86,107.3,101.36,106.50,98.21,94.32,99.18
2011Jul,90.22,92.82,118.23,101.22,92.3,95.69,89.4,87.0,98.93,100.80,88.95,100.98,98.22,97.80,105.49,102.5,94.3,101.47,89.15,96.59,88.92,99.89,107.6,101.10,106.43,98.62,94.61,98.64
2011Jun,90.74,92.89,117.48,99.85,91.3,95.73,89.2,87.0,98.94,100.33,88.87,100.84,97.80,97.81,108.65,102.5,94.1,100.23,89.71,96.97,89.45,99.96,108.7,100.45,106.32,97.87,93.73,98.12
2011May,89.91,91.88,116.85,99.74,90.6,95.63,89.0,86.8,97.57,99.85,88.73,100.47,97.24,97.73,110.60,102.8,93.6,100.66,89.79,96.31,88.15,99.83,111.5,99.77,106.09,98.06,93.28,96.51
2011Apr,90.49,90.86,115.21,98.99,90.3,95.41,88.7,86.8,96.44,99.81,88.55,99.77,96.65,97.78,111.18,102.7,93.4,98.79,88.71,95.34,88.22,98.99,114.2,99.68,105.30,96.91,91.07,95.19
2011Mar,89.90,88.05,112.15,99.28,87.8,94.77,88.8,87.2,93.51,98.77,87.47,99.12,96.36,97.85,111.32,102.4,93.1,97.72,87.42,93.02,86.83,98.69,112.4,100.08,103.04,98.28,90.66,92.61
2011Feb,89.04,88.09,104.32,97.78,87.5,93.40,88.5,86.7,92.32,97.87,85.39,98.33,96.50,96.89,97.49,103.8,92.8,95.90,87.49,91.82,85.74,97.95,100.5,99.68,100.41,97.55,89.75,90.29
2011Jan,88.59,87.79,94.46,97.56,87.9,92.68,88.6,87.2,90.99,96.61,82.65,98.35,96.35,95.09,90.68,103.4,92.5,94.81,87.19,90.59,85.11,96.70,97.7,99.34,98.88,96.93,89.19,89.19
2010Dec,87.83,87.80,93.22,94.94,85.9,91.77,88.3,87.1,88.23,95.06,77.50,98.39,96.06,93.92,87.32,103.9,92.1,94.00,86.52,88.21,85.32,97.54,96.1,98.15,97.96,97.39,87.42,87.23
2010Nov,88.26,87.63,92.48,96.48,85.9,91.68,88.4,86.7,88.21,94.96,77.54,98.36,95.74,94.87,86.94,102.8,92.0,93.26,87.43,89.00,85.26,97.61,96.3,96.87,96.94,97.83,88.62,87.26
2010Oct,88.14,87.33,91.97,96.52,86.4,91.35,88.3,85.7,87.28,94.97,77.63,98.53,95.64,95.41,86.68,102.0,91.9,93.96,87.66,87.09,85.37,98.20,96.6,96.46,95.94,97.89,88.34,87.12
2010Sep,88.10,87.25,91.86,97.62,87.0,91.31,88.6,86.2,87.79,95.06,77.84,98.52,95.37,95.21,85.57,100.7,91.8,92.98,87.39,86.46,83.28,98.42,96.2,96.53,95.58,98.02,88.11,87.00
2010Aug,88.54,87.28,91.41,98.02,87.2,90.98,88.3,86.6,87.40,95.10,76.85,98.57,95.16,94.91,84.94,102.2,91.6,92.94,88.39,86.08,83.01,98.73,93.5,96.35,95.30,97.98,88.16,87.33
2010Jul,88.14,87.25,91.19,97.72,87.2,90.72,88.6,86.6,86.34,95.25,76.82,98.26,95.12,94.54,84.31,102.0,91.5,92.47,88.13,84.77,84.06,98.94,91.8,96.15,95.21,97.83,88.01,87.71
2010Jun,89.13,87.34,91.18,94.43,87.6,90.69,88.6,86.7,85.85,95.26,77.53,98.57,94.78,93.61,84.14,101.0,91.4,91.80,88.04,85.76,84.06,99.22,91.8,95.89,93.37,97.18,87.88,87.39
2010May,88.74,86.99,91.79,96.45,86.2,90.72,88.4,86.2,85.63,95.46,77.61,98.82,94.78,93.90,84.62,100.9,91.1,93.31,88.00,85.80,84.80,99.51,91.7,95.69,93.32,97.38,88.49,86.97
2010Apr,88.53,86.63,92.05,94.96,87.5,90.80,88.8,86.1,85.22,95.59,77.60,99.17,94.51,93.65,84.81,100.4,91.2,92.36,88.28,86.60,84.79,99.02,91.9,95.77,93.42,97.29,88.04,87.60
2010Mar,89.11,84.02,91.96,94.93,86.8,90.76,89.0,86.2,85.61,95.96,77.69,99.14,93.94,93.47,84.91,101.5,91.3,92.63,87.48,87.01,84.76,98.89,92.3,96.08,93.45,97.08,88.32,87.47
2010Feb,88.75,83.25,91.87,94.36,86.7,90.50,88.6,85.9,85.90,96.24,76.78,99.19,93.93,93.83,85.17,101.4,91.3,92.07,87.48,86.80,84.78,98.49,92.7,97.04,93.55,97.22,88.07,88.15
2010Jan,89.80,82.72,91.88,93.69,87.2,90.52,88.7,86.0,86.62,96.48,77.29,99.01,93.98,93.09,86.07,102.1,91.3,92.00,87.68,87.48,84.79,97.75,93.1,96.80,93.49,97.08,88.18,87.08
2009Dec,88.52,82.68,92.06,92.44,86.4,90.16,88.5,84.7,86.14,96.50,76.96,98.85,93.73,92.30,85.56,101.9,91.1,90.89,87.13,87.17,84.88,98.46,93.1,96.21,93.38,96.64,87.55,86.60
2009Nov,89.45,82.77,92.21,93.32,86.8,90.32,88.8,84.2,85.99,96.43,77.13,99.20,93.61,92.97,86.20,102.3,91.0,91.76,87.61,86.82,84.61,98.71,93.8,97.10,93.32,97.16,87.51,87.97
2009Oct,89.23,83.18,92.43,94.98,86.4,90.35,89.4,83.5,86.29,96.40,77.35,99.48,93.07,92.80,85.79,103.0,90.8,91.85,87.37,88.32,84.49,98.54,94.7,98.04,93.26,96.58,88.08,88.28
2009Sep,89.23,83.39,92.33,94.76,87.4,90.47,89.7,83.5,85.91,96.90,81.43,99.38,93.01,92.43,86.90,104.6,90.5,91.77,87.01,88.70,84.13,99.12,94.9,98.23,93.18,95.87,87.44,88.64
2009Aug,90.25,83.46,92.45,94.89,87.8,90.39,90.0,83.2,85.75,96.99,80.31,99.23,92.88,92.41,86.70,106.1,90.4,91.23,87.08,87.82,84.22,98.72,95.6,98.17,93.06,96.05,85.93,88.97
2009Jul,89.83,83.51,92.57,94.73,87.1,90.32,89.9,84.2,86.65,96.73,80.42,98.91,92.84,92.35,87.82,107.4,90.4,91.21,86.32,88.70,84.04,99.50,96.2,98.46,92.99,95.83,85.68,88.91
2009Jun,90.50,83.65,92.86,94.49,87.4,90.03,89.8,83.7,85.78,96.76,81.57,98.79,92.54,92.30,84.86,107.4,90.2,90.57,86.89,88.56,84.51,100.22,96.5,98.02,92.93,95.21,85.47,88.09
2009May,89.97,83.63,92.88,96.70,87.2,90.15,89.5,84.1,85.92,97.09,81.53,98.64,92.50,92.02,84.22,109.3,90.1,91.05,86.58,88.94,84.23,100.76,97.0,97.80,92.69,94.01,86.03,89.35
2009Apr,91.01,84.26,93.10,93.93,86.0,90.02,89.6,83.1,85.90,97.33,80.86,98.92,92.39,91.68,83.90,110.2,90.1,91.77,87.09,88.87,83.38,100.24,96.8,98.45,92.33,93.60,85.10,89.29
2009Mar,91.15,84.03,93.17,94.12,86.3,90.01,89.2,83.6,85.97,97.70,80.60,99.20,92.24,91.51,82.55,110.7,90.0,91.09,86.71,89.58,82.73,99.56,95.5,98.34,92.02,94.21,85.09,89.75
2009Feb,90.27,83.67,92.80,92.72,85.6,89.62,89.4,83.4,85.73,98.34,80.28,99.11,92.00,90.92,81.72,110.9,89.8,89.92,85.79,88.87,81.87,98.66,92.0,98.57,91.20,93.53,85.40,90.98
2009Jan,90.29,82.28,92.84,93.04,86.8,89.33,89.5,82.9,86.57,99.00,80.54,99.18,91.72,90.73,80.82,110.6,89.9,89.84,86.05,89.49,81.86,97.65,90.9,98.51,89.99,92.70,85.74,91.25
2008Dec,89.23,82.03,92.33,92.39,85.0,88.78,89.1,82.9,85.93,99.04,79.52,99.24,91.52,90.27,80.00,111.1,89.8,89.48,85.76,86.93,81.53,98.23,90.6,97.62,89.49,92.89,84.94,89.89
2008Nov,89.49,81.82,92.20,92.79,86.3,88.77,89.2,83.0,86.03,99.70,79.56,98.97,91.32,90.92,79.75,110.9,89.6,89.51,85.03,87.52,80.96,98.15,90.2,97.48,88.89,92.82,84.71,90.43
2008Oct,87.13,82.03,91.54,91.11,84.9,88.27,88.7,82.2,84.82,99.31,79.91,98.87,91.00,90.51,78.71,109.9,89.3,89.15,85.27,86.60,80.02,98.32,89.4,97.64,88.00,92.28,83.91,90.12
2008Sep,86.58,82.00,91.15,89.89,86.1,87.91,88.3,82.0,85.01,99.11,79.75,98.89,90.55,90.49,79.13,110.1,88.8,89.09,85.33,87.89,79.58,97.63,88.2,97.94,87.47,92.65,84.48,90.87
2008Aug,86.86,81.77,90.95,90.44,86.1,87.78,88.4,82.0,84.78,98.82,78.23,98.63,90.89,90.73,78.93,110.2,88.4,88.77,85.62,88.46,78.91,97.48,87.9,97.62,87.23,92.56,84.44,90.68
2008Jul,85.95,81.44,90.33,90.36,85.4,87.43,88.2,81.8,84.13,98.59,77.86,98.61,90.88,90.45,78.85,110.7,88.3,87.94,85.26,87.82,76.48,97.15,88.0,97.74,87.12,92.22,83.86,90.82
2008Jun,86.53,80.31,89.97,90.29,82.9,87.15,87.7,82.2,82.16,98.43,78.92,98.52,90.88,90.31,78.95,110.5,88.0,87.53,84.62,87.12,73.67,97.25,88.2,97.73,86.91,91.42,83.69,90.80
2008May,86.16,80.30,90.07,89.10,84.0,86.99,87.5,81.7,82.61,97.94,79.20,98.71,90.87,89.60,79.25,110.7,87.7,87.24,84.48,86.84,73.27,95.76,88.5,97.67,86.68,90.98,82.73,91.24
2008Apr,86.00,80.14,89.61,87.60,84.5,86.79,87.3,81.7,82.73,97.58,78.68,98.74,90.40,88.94,79.06,110.2,87.3,87.05,84.60,86.77,73.27,95.24,88.1,97.10,86.39,91.10,82.77,91.11
2008Mar,84.88,80.05,88.93,86.61,83.2,86.47,87.0,82.0,82.27,97.12,77.60,98.80,89.92,86.95,77.58,110.5,87.2,87.08,84.05,86.78,73.29,94.97,88.7,97.01,86.13,90.45,82.22,90.50
2008Feb,85.33,79.41,88.33,87.78,84.3,86.10,86.4,81.2,82.07,96.41,77.42,98.33,89.79,85.89,78.46,109.4,87.0,86.81,83.50,86.51,73.04,94.35,89.3,97.10,85.77,90.55,81.76,91.04
2008Jan,83.96,79.25,87.81,88.33,84.5,85.53,84.9,80.0,80.20,95.43,77.29,97.51,89.40,85.98,77.63,108.3,86.9,85.04,82.93,84.13,72.88,93.06,89.3,96.84,85.53,89.96,81.54,90.82
2007Dec,83.41,77.91,87.55,88.44,82.6,84.84,83.4,79.6,78.09,95.24,74.73,96.80,89.16,85.26,76.82,108.2,86.7,84.10,82.66,81.24,72.76,92.69,89.0,96.93,85.44,89.14,79.60,89.66
2007Nov,82.61,77.30,87.41,88.96,81.4,84.36,83.3,79.2,77.16,95.12,74.64,95.91,88.90,85.04,76.98,107.4,86.5,83.64,82.44,81.07,72.71,92.86,88.8,96.94,85.29,89.16,79.99,89.95
2007Oct,81.88,77.77,86.87,90.59,78.9,83.91,83.4,78.5,76.77,94.54,74.70,95.16,88.51,84.01,76.96,102.9,86.3,83.10,82.13,80.51,72.67,92.37,88.4,96.87,84.99,88.88,79.90,89.55
2007Sep,81.43,77.13,86.67,90.99,78.7,83.55,83.0,77.2,76.25,94.16,74.87,94.51,87.91,83.82,77.44,102.8,85.8,82.71,81.30,79.87,72.62,92.11,87.9,96.51,84.40,89.12,79.82,90.37
2007Aug,82.03,77.38,86.28,90.30,79.2,83.41,82.7,77.4,76.11,94.11,74.23,94.30,87.37,84.13,77.16,102.5,85.7,82.68,80.99,79.67,72.52,92.09,87.7,96.37,84.11,89.08,80.03,90.29
2007Jul,81.91,77.41,85.40,90.10,79.2,83.22,82.6,77.1,75.90,94.18,74.05,94.08,87.29,84.22,77.30,102.3,85.5,82.83,81.02,79.04,72.40,92.27,88.0,96.46,84.31,88.94,79.05,91.29
2007Jun,82.04,77.26,85.04,90.87,79.3,83.25,82.7,76.7,75.36,94.44,74.33,93.77,87.17,83.75,77.46,101.9,85.5,82.89,81.04,78.05,72.31,92.22,88.2,96.39,84.36,87.90,78.78,92.13
2007May,82.02,77.34,84.65,90.12,78.8,83.31,82.6,76.7,74.89,94.47,74.80,94.01,86.94,83.67,77.60,101.4,85.6,82.73,81.47,78.21,72.16,92.95,88.6,96.15,84.61,88.31,78.05,92.22
2007Apr,82.16,77.96,84.36,89.74,79.3,83.27,82.5,76.9,73.93,93.97,74.80,94.25,86.59,83.19,77.82,100.4,85.4,82.22,81.58,78.05,72.13,93.35,88.5,95.34,84.72,87.94,79.15,92.17
2007Mar,81.62,77.61,84.14,89.67,79.1,83.00,82.5,77.0,74.94,93.46,75.04,94.36,82.86,82.48,78.23,99.1,85.4,82.40,81.22,77.80,71.66,93.43,88.7,96.64,84.69,88.45,79.02,92.13
2007Feb,80.32,77.41,83.41,89.35,77.8,82.82,82.4,76.7,74.68,92.87,74.49,94.46,82.61,81.82,78.61,98.6,85.3,81.98,80.65,76.72,71.33,93.37,89.0,96.39,84.11,88.23,77.35,92.12
2007Jan,81.35,76.82,80.96,89.08,77.8,82.70,82.2,76.7,74.78,92.57,74.63,94.47,85.56,81.92,78.47,98.7,85.3,81.44,80.41,74.35,71.19,93.59,89.2,96.30,83.51,88.01,77.69,91.83
2006Dec,81.57,76.33,78.53,88.23,77.4,82.53,82.1,76.7,73.93,92.32,74.41,94.70,85.39,81.85,78.19,98.8,85.2,80.99,80.55,73.59,71.10,93.61,89.5,96.38,83.13,87.37,78.19,91.31
2006Nov,81.98,76.04,78.49,89.27,77.7,82.57,82.1,76.5,73.68,92.50,74.08,94.59,85.30,81.97,78.55,99.2,85.0,81.50,80.76,73.22,71.08,93.47,90.6,96.14,84.19,87.31,78.55,90.98
2006Oct,81.49,75.76,78.28,89.87,78.0,82.50,82.1,76.2,73.39,92.46,74.42,94.15,85.17,81.98,78.21,100.5,84.9,81.46,80.38,73.03,71.06,93.12,91.1,96.07,85.03,87.65,77.76,90.74
2006Sep,80.73,75.63,78.40,89.79,77.7,82.40,81.9,76.2,73.41,92.25,74.51,94.11,85.02,81.98,78.25,101.2,84.6,80.00,80.01,72.68,70.81,93.10,91.0,96.45,85.89,87.20,76.89,91.17
2006Aug,81.27,75.53,78.27,89.53,76.3,82.31,82.0,76.2,73.27,92.26,74.57,94.23,84.76,81.96,75.61,101.1,84.4,80.39,80.67,71.70,70.78,93.08,90.1,96.50,87.30,86.85,77.07,91.02
2006Jul,80.81,75.31,77.55,89.53,78.1,81.98,82.0,76.2,73.10,92.10,74.33,94.46,84.75,81.82,73.68,101.8,83.6,79.92,80.27,71.24,70.65,93.95,88.4,96.39,87.89,87.27,77.02,90.77
2006Jun,81.25,75.18,76.82,89.36,79.2,82.01,82.0,76.2,72.76,91.77,74.86,94.44,84.65,81.57,71.98,102.0,83.6,79.62,80.23,71.26,70.46,94.23,87.8,96.61,88.39,87.10,75.51,89.97
2006May,80.58,75.26,76.03,88.70,79.0,81.88,82.0,76.3,71.71,91.52,74.89,94.41,84.17,80.96,70.56,102.0,83.7,79.66,80.24,71.22,69.86,94.40,87.5,96.61,88.44,86.80,76.14,90.43
2006Apr,81.13,74.94,77.53,88.93,79.2,81.68,81.9,76.1,71.29,91.49,75.05,94.66,83.84,80.62,69.40,101.1,83.6,79.65,80.18,71.09,69.39,94.45,87.2,96.39,88.15,84.68,76.22,90.14
2006Mar,81.07,74.91,83.72,88.88,79.1,81.49,81.8,76.3,71.05,90.91,74.93,94.86,83.71,80.01,69.60,99.3,83.6,79.53,80.24,70.37,69.36,94.22,87.1,95.39,87.29,87.05,77.57,90.41
2006Feb,81.49,74.67,83.93,88.06,78.8,81.42,81.7,76.2,70.99,90.55,74.96,94.90,83.50,80.21,69.69,99.7,83.5,79.90,79.97,70.12,69.28,94.24,87.1,95.56,81.89,86.94,77.20,90.13
2006Jan,81.13,74.64,67.72,88.08,79.3,81.31,81.6,75.9,70.91,90.68,74.88,94.96,83.24,80.13,69.92,99.5,83.4,79.77,79.32,69.94,69.26,94.41,87.3,94.63,73.82,86.69,77.22,89.90
2005Dec,80.67,73.81,66.27,87.32,79.1,81.08,81.2,75.6,70.68,90.25,74.79,94.90,83.11,79.54,69.80,99.2,83.3,79.55,79.46,69.87,69.25,94.46,87.3,93.82,73.30,86.78,76.96,89.41
2005Nov,81.12,73.91,65.71,88.30,79.0,81.13,81.1,75.5,70.70,90.10,74.77,94.82,83.15,79.89,70.41,99.5,83.2,79.91,79.88,69.77,69.24,94.75,87.6,93.97,73.06,87.00,76.55,89.46
2005Oct,81.11,73.67,65.49,87.75,79.6,81.10,81.2,75.3,70.18,89.80,74.76,94.81,82.83,80.15,70.48,99.8,83.1,79.83,79.77,70.19,69.17,95.01,87.8,93.82,72.58,87.29,76.25,89.79
2005Sep,81.06,73.51,64.43,87.75,79.7,80.93,81.1,75.4,70.06,89.72,74.71,94.68,82.61,80.07,70.27,100.4,82.8,79.81,79.99,70.03,69.15,94.96,87.6,94.00,72.01,87.61,76.17,89.88
2005Aug,80.70,74.00,62.28,87.75,80.1,80.96,81.0,75.6,70.28,90.10,74.68,94.72,82.30,80.06,70.56,100.6,82.8,80.05,79.05,69.80,69.04,95.63,87.4,94.02,71.75,87.57,76.76,89.92
2005Jul,79.89,73.96,61.70,88.23,80.1,80.85,80.8,74.9,70.37,90.10,74.53,94.60,82.25,79.86,70.46,100.2,82.7,80.20,78.77,68.87,68.91,95.68,87.6,94.61,71.65,87.77,76.54,89.95
2005Jun,80.46,73.70,60.05,87.82,79.8,80.78,80.5,75.0,70.42,89.87,74.80,94.63,82.12,79.73,71.09,99.1,82.8,80.53,79.70,68.58,68.83,95.69,87.7,94.42,71.80,87.75,76.14,90.58
2005May,80.72,73.66,60.02,87.47,80.4,80.91,80.6,74.8,70.22,90.03,74.63,94.88,81.92,79.53,71.58,99.4,82.8,81.27,79.56,69.36,68.69,95.65,88.1,94.59,71.94,87.97,76.28,90.58
2005Apr,80.96,74.15,59.88,87.31,80.5,80.87,80.6,74.6,70.24,90.10,74.32,95.37,81.69,78.97,72.48,99.4,82.7,81.77,79.84,68.75,68.55,95.78,88.0,94.97,71.84,88.15,75.84,90.99
2005Mar,81.38,73.79,56.67,87.16,80.2,80.83,80.8,74.8,70.16,89.80,74.51,95.40,81.04,78.40,72.75,98.7,82.8,81.98,79.11,68.25,68.55,96.34,88.3,94.85,71.77,88.19,76.33,91.44
2005Feb,80.25,73.22,57.03,86.34,80.5,80.82,80.8,74.4,69.66,89.57,74.41,95.27,80.90,78.62,73.87,99.4,82.8,82.14,79.12,69.02,68.63,96.25,89.5,95.11,71.64,89.55,75.95,91.77
2005Jan,82.11,72.03,58.73,85.85,80.7,80.92,81.0,75.0,69.76,89.65,74.65,95.17,80.84,77.94,73.94,99.4,82.8,82.68,78.94,68.73,68.43,95.92,90.5,94.97,71.37,89.30,76.29,91.64
2004Dec,80.72,71.75,59.08,85.76,80.8,80.87,80.9,74.9,69.61,89.35,74.77,95.37,80.83,77.87,73.35,99.2,82.8,83.89,79.08,68.26,68.33,96.40,91.0,94.78,71.00,88.76,76.12,91.99
2004Nov,80.87,71.74,59.78,85.71,80.7,80.92,80.9,74.9,69.46,89.42,74.78,95.39,80.61,77.90,73.92,99.4,82.6,83.99,79.40,68.38,68.27,97.32,91.4,95.05,70.25,89.31,77.09,91.93
2004Oct,81.10,71.84,60.22,85.07,80.8,80.93,80.8,74.7,70.07,89.20,74.59,95.34,80.05,77.72,74.00,99.2,82.6,83.97,78.92,68.24,68.24,98.13,91.5,94.89,69.85,90.17,77.07,92.49
2004Sep,81.20,71.92,60.12,85.21,81.0,81.01,80.9,74.8,70.34,89.04,74.61,95.92,79.79,77.23,74.16,99.2,82.5,84.74,78.55,67.52,68.18,97.84,91.7,94.98,69.31,90.33,77.11,92.62
2004Aug,81.20,71.89,59.96,85.80,80.7,81.10,81.0,75.1,70.16,89.04,74.70,96.71,79.81,76.99,74.55,99.5,82.4,84.59,79.05,67.06,68.16,98.32,91.8,94.99,68.71,90.47,77.10,91.66
2004Jul,81.21,72.03,57.53,85.36,78.0,81.00,81.1,75.1,70.32,88.36,74.74,96.95,79.70,76.48,74.49,99.5,82.4,84.76,78.77,66.89,68.11,97.92,91.2,94.91,67.71,90.51,76.73,90.88
2004Jun,81.79,71.96,56.92,85.18,76.6,80.83,81.0,74.7,70.83,88.44,74.83,96.72,79.52,76.36,73.85,99.4,82.2,85.37,79.04,66.97,68.08,98.33,90.0,95.34,67.33,90.39,76.14,89.75
2004May,81.26,72.00,57.19,80.30,76.5,80.59,81.1,74.3,70.31,88.21,74.92,96.83,79.04,76.24,72.14,99.3,82.1,84.21,79.17,66.31,67.81,98.36,87.9,95.62,67.22,90.17,73.38,89.30
2004Apr,81.39,72.07,56.52,79.90,76.4,80.25,81.0,74.5,51.98,88.14,75.04,96.71,78.55,76.17,68.44,98.9,82.0,82.31,78.61,65.91,67.64,98.72,86.7,95.83,67.06,89.85,72.20,87.50
2004Mar,81.71,71.54,53.31,79.71,76.2,79.97,81.2,74.6,48.78,87.99,75.26,96.48,78.18,76.09,68.74,99.4,82.0,82.35,78.26,64.08,67.54,99.14,74.5,95.60,67.01,90.14,71.87,88.44
2004Feb,80.46,71.38,55.40,79.53,76.1,79.85,81.1,74.5,48.80,87.68,75.38,96.15,77.89,75.91,68.68,99.4,81.8,82.38,78.60,62.89,67.52,99.17,73.7,95.68,66.67,89.65,72.32,89.07
2004Jan,80.51,71.42,56.65,79.36,76.0,79.79,81.0,74.7,48.61,87.31,75.55,95.83,77.87,75.88,68.32,99.2,81.8,82.49,77.94,60.83,67.51,99.39,72.4,95.49,66.25,90.00,72.19,88.09
2003Dec,78.96,71.05,55.90,79.02,75.5,79.63,80.9,75.0,48.62,87.23,75.30,95.38,77.80,75.48,66.25,98.9,81.5,82.32,77.80,59.82,67.48,99.42,72.6,95.52,66.21,89.13,72.26,85.59
2003Nov,80.13,70.92,55.52,78.14,75.3,79.54,80.8,74.7,48.70,87.16,75.36,95.20,77.38,75.09,66.47,99.4,81.3,82.35,77.84,58.67,67.43,99.68,73.1,95.16,65.67,89.75,72.66,85.45
2003Oct,79.32,70.90,55.05,78.14,74.9,79.57,80.8,74.9,48.64,86.85,75.25,95.01,77.38,75.11,66.35,99.6,81.1,82.24,77.41,58.26,67.44,101.96,73.3,95.02,65.47,90.19,72.25,85.26
2003Sep,79.87,70.88,54.99,77.73,74.6,79.49,80.7,74.8,48.60,86.63,75.04,94.93,77.28,75.25,66.17,99.8,80.8,82.21,77.05,58.48,66.67,101.43,73.5,94.70,64.67,90.32,72.14,85.16
2003Aug,78.98,70.73,55.97,77.69,74.5,79.35,80.6,74.4,48.67,86.55,74.72,94.63,76.94,75.20,65.95,100.0,80.5,82.27,76.33,60.45,66.66,102.42,73.7,94.78,64.37,90.23,72.40,84.49
2003Jul,79.41,70.84,55.30,77.67,74.4,79.17,80.5,73.8,48.69,86.33,74.81,94.49,76.87,75.15,65.94,100.2,80.2,82.52,76.38,62.28,66.63,101.31,73.7,94.55,64.28,89.84,72.11,84.57
2003Jun,79.00,70.88,50.93,77.67,74.6,79.01,80.4,73.9,49.36,86.40,75.17,94.12,76.78,74.59,66.29,99.9,80.2,82.66,76.52,61.08,66.68,101.23,73.6,94.53,64.33,89.45,71.81,84.67
2003May,78.73,71.03,52.10,76.32,74.5,78.83,80.2,73.9,49.56,86.17,75.17,93.95,76.70,73.88,66.55,99.6,80.0,82.60,76.20,59.41,66.60,100.83,73.7,93.96,63.99,89.82,71.02,84.21
2003Apr,78.35,70.74,52.43,75.81,74.5,78.57,80.2,73.4,49.86,85.72,75.02,93.67,76.43,73.19,66.17,99.5,79.9,82.49,75.92,59.35,66.45,100.61,73.6,94.02,62.99,88.41,69.12,83.64
2003Mar,78.57,70.42,52.74,75.16,74.8,78.38,80.0,73.6,49.65,85.49,74.72,93.27,75.91,73.06,66.28,99.1,79.7,82.45,74.81,59.81,66.44,99.83,73.7,93.93,60.54,89.56,69.76,83.48
2003Feb,77.94,69.91,52.70,75.16,74.8,77.86,79.3,73.0,49.70,84.59,74.64,92.52,75.82,72.73,66.45,98.1,79.5,82.46,74.10,59.69,65.60,99.40,73.6,94.06,58.54,89.40,69.60,82.93
2003Jan,76.85,68.46,53.08,75.07,74.9,77.29,78.4,73.1,50.16,84.06,74.73,91.92,75.46,72.33,65.87,96.6,79.5,82.55,73.49,59.64,65.22,98.73,73.5,93.77,57.25,88.89,69.95,81.72
2002Dec,76.16,68.22,53.60,74.39,74.9,76.98,78.2,72.3,49.90,83.83,73.66,91.50,75.24,71.93,65.51,96.3,79.2,82.36,73.48,59.32,65.10,98.57,73.5,93.69,56.73,88.62,69.59,79.32
2002Nov,76.75,68.03,53.13,74.39,75.6,76.92,78.1,72.3,49.92,83.76,73.27,91.37,74.62,72.51,65.60,96.4,79.1,82.39,73.36,59.79,65.12,98.45,73.4,93.56,56.45,90.21,69.50,78.87
2002Oct,76.32,67.92,52.64,73.95,75.7,76.81,77.9,72.1,50.09,83.46,73.80,90.96,74.30,72.97,65.52,96.2,79.0,82.16,73.11,59.94,64.99,98.35,72.9,93.38,56.06,90.23,68.62,78.28
2002Sep,76.17,67.86,52.89,73.93,75.7,76.67,77.7,71.9,50.31,83.00,73.75,90.78,73.89,73.09,65.50,95.8,78.7,82.71,72.28,59.03,64.56,98.47,72.4,93.06,55.81,90.46,68.23,78.05
2002Aug,76.32,67.92,53.55,73.95,75.7,76.46,77.4,71.8,50.23,82.62,73.50,90.69,73.67,73.06,65.52,95.7,78.3,82.87,72.01,58.32,64.58,97.94,72.6,92.89,55.31,89.72,68.96,77.69
2002Jul,75.74,67.25,54.10,73.91,75.8,76.18,77.1,71.7,50.35,82.32,72.60,90.18,73.54,72.83,65.22,95.0,78.2,82.88,72.38,55.95,64.42,97.93,72.9,92.90,54.88,90.05,68.67,77.09
2002Jun,75.26,67.17,54.59,72.40,75.7,75.91,76.8,71.5,51.00,82.17,73.15,89.81,73.23,72.80,64.92,94.5,78.2,82.04,72.32,55.47,64.34,96.88,73.6,92.55,54.87,89.43,67.79,76.67
2002May,74.72,67.57,55.14,71.33,75.8,75.78,76.7,71.4,51.06,82.02,73.15,89.51,72.95,72.75,64.84,93.9,78.2,82.16,71.74,54.89,64.32,96.92,74.5,91.67,54.99,89.10,67.34,75.85
2002Apr,74.79,67.65,55.52,71.26,75.4,75.61,76.7,71.3,51.41,81.64,72.84,89.13,72.65,72.66,64.44,92.7,78.0,82.07,72.03,54.40,64.16,96.62,74.5,91.59,54.75,88.82,66.41,75.45
2002Mar,74.52,68.05,56.52,70.83,75.0,75.44,76.4,71.4,51.42,81.49,73.21,89.00,72.18,72.57,64.15,92.1,78.0,82.03,72.34,54.21,64.04,95.99,74.5,90.86,54.57,87.97,66.05,74.88
2002Feb,74.79,68.18,56.72,70.83,75.5,75.31,76.3,71.2,51.68,81.11,73.49,88.90,71.84,72.53,63.50,92.0,77.9,81.88,72.18,54.13,63.99,95.45,74.5,90.70,53.90,87.62,65.31,75.12
2002Jan,75.28,68.33,56.59,70.81,75.6,75.24,76.3,70.3,51.44,80.89,74.12,88.75,71.69,72.01,63.08,92.2,77.6,82.01,72.40,54.08,64.14,95.47,74.4,90.39,52.16,87.97,64.91,75.19
2001Dec,75.26,68.38,58.99,70.70,75.5,75.13,76.3,70.1,50.84,80.51,73.89,88.87,71.33,72.32,62.63,92.3,77.6,81.90,72.24,54.03,64.12,95.42,74.2,89.92,51.31,87.31,64.30,74.73
2001Nov,75.65,68.34,61.04,70.78,75.6,75.02,76.2,70.1,51.24,80.51,73.95,88.72,71.05,73.45,62.68,92.2,77.5,82.12,72.60,53.92,64.07,95.06,74.2,89.88,51.18,87.51,64.19,74.92
2001Oct,76.00,68.38,61.42,70.53,75.5,74.96,76.1,70.0,51.40,80.28,73.85,88.72,71.08,73.93,62.62,92.1,77.2,82.64,72.57,54.36,64.28,94.93,74.2,89.59,50.71,88.17,64.25,74.81
2001Sep,75.57,68.53,61.42,70.61,75.6,74.85,76.1,69.7,52.11,80.13,73.36,88.47,71.01,74.40,62.50,92.0,77.0,78.77,71.55,54.36,64.19,94.76,74.3,89.71,50.50,87.43,63.65,74.55
2001Aug,75.80,68.45,61.74,70.18,75.3,74.75,76.0,69.7,52.26,80.06,72.86,88.29,70.66,73.84,62.35,91.9,76.9,78.92,71.00,54.35,64.01,94.96,74.4,89.64,50.07,87.13,63.17,74.29
2001Jul,75.46,67.24,60.84,70.16,75.1,74.55,76.0,69.7,51.56,80.21,72.62,87.70,70.59,74.27,61.97,91.4,76.8,79.19,70.67,53.90,63.59,94.71,74.5,89.33,49.56,86.41,62.41,74.36
2001Jun,75.03,66.53,60.25,70.07,74.8,74.36,75.8,69.4,50.98,79.91,72.79,87.23,70.40,73.80,61.49,91.3,76.7,79.00,70.32,53.88,63.40,94.42,74.2,89.00,49.01,86.09,62.01,74.22
2001May,74.95,66.49,58.75,70.17,74.5,74.22,75.5,69.4,50.49,79.83,72.86,87.31,70.08,73.33,61.06,90.6,76.5,78.91,70.05,53.58,63.39,94.21,74.0,89.08,48.46,85.62,61.48,74.23
2001Apr,74.78,66.38,59.67,69.88,74.3,74.01,75.4,69.4,50.24,79.53,72.36,87.26,69.56,73.00,60.42,90.1,76.5,79.02,69.80,53.35,63.11,94.31,73.9,89.11,47.76,84.34,61.47,74.22
2001Mar,74.82,65.60,61.09,69.66,74.0,73.79,75.2,69.0,50.33,79.38,72.21,86.93,69.51,72.60,60.03,88.7,76.3,79.07,69.49,53.36,63.21,93.03,74.0,88.56,46.85,85.28,61.19,74.16
2001Feb,74.82,65.28,61.86,69.45,74.0,73.67,75.1,68.9,50.08,79.23,72.10,86.60,69.38,72.38,59.11,88.4,76.2,79.26,69.68,52.95,63.07,92.75,74.2,88.36,45.74,85.23,60.66,73.58
2001Jan,75.14,64.82,62.44,68.59,74.0,73.56,74.9,68.8,49.86,78.77,71.79,86.58,69.29,72.57,57.79,87.8,76.1,79.31,69.37,52.54,62.63,92.18,74.4,88.12,43.72,85.34,60.74,71.92
2000Dec,75.32,64.82,62.70,68.59,73.9,73.30,74.7,68.4,49.30,78.55,71.45,86.11,69.12,72.72,56.54,88.0,76.0,79.28,69.44,52.34,62.40,90.63,74.7,87.54,41.88,84.88,59.82,70.56
2000Nov,74.66,64.88,62.66,68.59,73.7,73.28,74.7,68.3,49.38,78.55,71.66,86.09,69.06,72.61,,87.8,76.0,79.41,69.44,52.44,62.45,90.80,76.4,87.79,,85.67,60.92,69.91
2000Oct,75.25,64.76,62.94,68.46,73.4,73.23,74.7,68.2,49.95,78.55,71.25,85.81,68.89,72.74,,87.4,75.9,79.55,69.11,51.84,62.29,90.45,79.0,87.54,,86.65,61.10,68.81
2000Sep,75.90,64.57,63.29,68.24,72.9,73.15,74.6,68.1,49.83,78.32,70.97,85.66,68.78,73.14,,87.3,75.8,79.70,69.11,51.21,62.20,90.18,79.6,87.62,,86.78,61.16,67.79
2000Aug,74.81,65.07,63.73,67.59,72.6,73.07,74.5,68.1,49.51,78.32,70.91,85.73,68.61,73.22,,87.0,75.7,79.57,68.91,49.51,61.82,89.91,78.6,87.54,,86.28,60.92,67.35
2000Jul,74.88,65.07,63.31,67.46,72.5,73.00,74.5,68.0,47.07,78.39,70.77,85.50,68.32,73.83,,86.9,75.6,79.76,68.78,50.06,61.82,90.00,76.7,87.29,,86.18,60.43,67.24
2000Jun,74.59,65.19,63.50,66.78,72.4,72.94,74.5,67.9,45.66,78.32,71.11,85.24,68.15,73.33,,86.7,75.6,80.21,69.17,51.71,61.79,90.00,73.5,87.13,,86.03,60.13,67.37
2000May,75.25,65.13,49.84,66.81,72.2,72.95,74.7,67.9,44.16,78.39,70.97,85.33,67.64,72.58,,86.4,75.5,80.77,68.85,52.78,61.67,90.27,71.6,87.37,,85.91,60.37,67.54
2000Apr,74.52,65.13,49.75,66.66,72.0,72.75,74.7,67.9,43.35,78.47,70.77,85.26,67.47,72.39,,85.6,75.3,81.21,68.13,54.95,61.77,90.09,71.0,87.13,,85.28,60.07,67.51
2000Mar,74.66,65.01,50.17,65.32,72.1,72.73,74.7,67.7,43.35,78.32,70.77,85.21,67.19,72.10,,85.1,75.2,81.69,68.45,55.01,61.70,90.27,70.3,87.29,,85.51,60.13,67.73
2000Feb,74.96,64.95,50.58,65.18,71.9,72.70,74.9,67.6,43.00,78.32,71.18,85.20,67.36,72.20,,84.0,75.1,82.15,68.71,55.03,61.63,90.09,69.4,86.88,,85.65,60.25,67.69
2000Jan,75.10,64.82,50.65,64.54,72.1,72.77,74.9,67.5,42.92,78.17,70.84,85.27,67.19,71.89,,83.9,75.0,82.58,68.26,54.97,61.50,90.54,67.4,86.71,,85.49,60.13,67.66
1999Dec,74.37,64.76,50.72,63.92,72.0,72.67,74.8,67.2,42.92,78.02,71.32,85.08,67.07,71.66,,83.7,75.0,82.89,67.99,54.81,61.40,90.71,66.3,86.21,,84.83,60.07,67.26
1999Nov,75.03,64.64,51.18,64.05,,72.68,74.9,67.1,43.22,78.02,71.59,84.93,67.02,72.36,,83.6,74.9,83.37,67.99,54.87,61.41,90.71,66.1,86.21,,85.53,,67.33
1999Oct,75.03,64.76,50.94,63.57,,72.59,74.8,67.4,43.68,78.02,71.59,84.76,66.85,72.43,,83.4,74.7,83.64,67.93,53.66,61.52,90.54,65.3,86.30,,85.62,,67.21
1999Sep,75.03,64.88,50.11,63.31,,72.48,74.8,67.1,43.73,77.87,71.52,84.54,66.85,72.50,,83.2,74.6,83.99,67.40,51.93,61.44,90.71,62.6,86.38,,85.49,,66.40
1999Aug,74.81,65.32,50.44,63.33,,72.44,74.8,67.1,43.82,77.79,71.25,84.61,66.45,72.13,,82.9,74.5,84.08,67.86,52.00,61.45,90.18,55.7,86.38,,85.39,,65.48
1999Jul,75.54,65.07,50.60,63.52,,72.50,75.0,67.0,43.87,78.02,71.11,84.26,66.39,71.88,,83.0,74.5,84.18,67.40,52.02,61.49,90.27,56.1,86.71,,85.55,,64.69
1999Jun,75.47,64.95,48.94,63.52,,72.47,75.0,67.0,43.54,77.94,71.32,84.11,66.39,71.50,,82.6,74.4,83.86,67.08,52.02,61.10,90.09,57.5,86.71,,84.94,,63.30
1999May,75.10,64.82,49.83,63.30,,72.31,75.0,67.0,43.69,77.94,71.45,84.25,66.05,70.99,,82.2,74.3,83.73,67.73,51.97,60.95,89.91,59.6,86.63,,85.46,,63.24
1999Apr,75.32,64.95,51.13,62.81,,72.27,75.0,66.4,44.04,77.87,71.04,84.19,65.77,70.02,,80.8,74.2,83.59,68.26,51.39,60.76,89.82,61.0,86.46,,84.09,,63.11
1999Mar,74.96,64.88,53.97,62.73,,72.36,75.0,66.3,43.88,77.94,70.97,84.16,65.60,69.57,,80.6,74.2,83.56,68.06,51.38,60.69,89.82,62.1,86.05,,84.94,,62.83
1999Feb,75.03,64.51,55.97,62.58,,72.27,75.0,66.3,43.99,77.79,70.91,83.95,65.37,69.55,,80.4,74.1,83.72,67.73,51.38,60.75,89.65,62.5,86.30,,84.42,,62.39
1999Jan,74.96,64.51,56.79,62.88,,72.10,74.7,66.2,43.99,77.79,70.84,83.84,65.20,69.78,,80.3,74.0,83.70,68.13,51.33,60.95,89.38,62.5,85.88,,83.50,,61.88
1998Dec,74.37,64.51,57.72,62.87,,71.91,74.5,66.1,44.34,77.72,70.57,83.70,64.69,70.42,,80.4,73.9,83.58,68.19,51.88,61.20,89.47,62.4,85.88,,83.48,,61.61
1998Nov,74.88,64.08,57.97,62.93,,72.02,74.4,66.1,44.49,77.79,70.43,83.85,64.63,70.59,,80.3,73.9,82.17,67.86,52.45,61.21,89.47,62.2,86.21,,84.65,,61.44
1998Oct,75.47,63.89,58.32,62.93,,71.96,74.3,66.1,44.84,77.79,70.63,83.54,64.46,70.55,,80.1,73.9,80.16,67.34,52.33,61.41,89.29,61.6,86.13,,84.38,,61.39
1998Sep,74.88,63.34,58.68,63.13,,71.86,74.2,65.9,45.02,77.41,70.50,83.56,64.46,70.32,,79.9,73.9,80.34,67.40,52.14,61.49,89.56,61.2,86.13,,84.57,,61.47
1998Aug,74.66,63.65,58.13,63.00,,71.78,74.2,65.8,45.13,77.41,70.23,83.40,64.35,70.15,,79.8,74.0,80.71,67.34,52.06,61.58,89.65,61.0,85.88,,84.02,,61.65
1998Jul,74.96,63.77,59.44,62.76,,71.75,74.2,65.8,45.01,77.34,70.02,83.35,64.18,70.16,,79.4,73.9,81.12,66.62,51.36,61.53,89.56,60.9,85.80,,84.15,,61.80
1998Jun,74.74,63.65,58.55,62.91,,71.57,74.2,65.7,45.07,77.11,70.29,83.34,63.72,70.45,,79.0,73.9,81.35,66.55,51.30,61.55,89.38,60.7,85.80,,83.65,,61.49
1998May,74.30,63.65,59.54,62.51,,71.38,74.1,65.6,45.09,77.11,70.43,83.35,63.33,70.10,,78.6,73.8,82.06,66.36,51.26,61.42,89.56,60.5,85.88,,83.44,,60.95
1998Apr,74.23,63.58,60.24,62.49,,71.00,74.1,65.5,45.06,76.96,70.23,83.41,62.98,70.20,,77.7,72.1,82.89,66.42,51.20,61.33,89.56,60.1,85.71,,82.95,,58.18
1998Mar,74.52,63.46,60.59,61.15,,70.84,74.0,65.4,44.90,76.73,70.23,83.44,61.85,70.54,,77.3,72.0,83.89,66.36,51.05,60.81,89.65,59.7,85.30,,83.08,,56.60
1998Feb,73.93,63.52,60.49,60.88,,70.76,73.7,64.9,45.16,76.51,70.09,83.20,61.39,70.66,,76.5,72.0,84.16,65.90,50.94,60.79,89.29,59.3,85.38,,83.03,,56.39
1998Jan,74.15,63.21,60.31,60.70,,70.70,73.4,64.6,44.84,76.36,70.09,83.09,61.17,70.81,,76.2,72.0,85.11,66.36,50.92,60.75,89.38,58.8,85.30,,82.81,,57.09
1997Dec,73.50,63.40,59.59,60.70,,70.70,73.3,63.9,44.21,76.28,69.82,82.97,61.11,,,76.2,72.0,85.23,65.70,51.35,60.93,89.38,58.4,84.72,,82.54,,57.30
1997Nov,74.01,63.40,60.51,60.65,,70.70,73.3,63.8,44.64,76.05,69.82,82.72,60.71,,,76.1,72.1,85.48,65.96,52.54,60.86,89.47,58.1,84.47,,82.79,,57.66
1997Oct,73.86,63.40,60.02,60.62,,70.71,73.3,63.8,44.44,76.20,69.41,82.57,60.60,,,75.3,72.4,85.70,65.96,52.50,60.90,89.02,57.4,84.39,,83.09,,57.80
1997Sep,73.57,63.40,61.64,60.03,,70.64,73.1,63.7,44.36,76.20,69.14,82.43,60.14,,,74.9,72.6,85.63,65.70,51.80,60.83,88.94,56.8,84.14,,83.18,,57.64
1997Aug,73.93,63.40,60.10,60.01,,70.54,73.1,63.3,44.05,75.98,68.66,82.38,60.03,,,75.0,72.6,85.59,65.90,51.79,60.77,89.11,56.3,83.89,,82.76,,57.38
1997Jul,73.79,63.34,57.91,60.01,,70.52,73.1,63.2,43.22,76.05,68.59,82.46,59.97,,,74.6,72.6,85.55,65.83,50.32,60.79,89.02,55.8,83.89,,82.65,,57.12
1997Jun,73.79,63.15,56.38,59.55,,70.47,73.1,63.2,42.65,75.90,68.93,82.39,59.80,,,74.5,72.7,83.65,65.37,49.68,60.86,89.29,56.6,83.81,,82.67,,56.93
1997May,73.71,63.03,54.64,58.98,,70.46,72.9,63.2,42.52,75.90,68.93,82.85,59.75,,,74.6,72.6,84.46,65.70,49.60,60.84,89.47,58.0,83.64,,82.15,,57.15
1997Apr,73.42,62.66,56.65,58.32,,70.33,72.8,63.0,42.03,75.90,69.00,83.03,59.12,,,74.4,72.7,85.14,65.77,49.39,60.85,89.38,59.4,83.31,,82.03,,57.62
1997Mar,73.57,62.47,64.52,58.06,,70.27,73.0,63.2,41.80,75.90,69.00,83.13,58.67,,,74.3,72.7,85.72,65.90,49.33,60.89,89.29,60.5,83.47,,81.64,,57.69
1997Feb,72.84,62.22,79.06,57.95,,70.18,73.0,63.1,41.46,75.98,68.93,82.98,58.50,,,73.9,72.6,85.99,65.18,49.19,60.91,89.38,61.0,83.64,,81.86,,57.74
1997Jan,73.42,62.41,17.61,57.62,,70.00,72.9,63.0,41.34,76.05,68.93,82.56,58.44,,,73.3,72.0,86.17,65.77,49.09,60.91,89.29,60.8,83.39,,81.44,,57.76
1996Dec,73.50,62.41,11.53,57.10,,69.82,72.8,62.8,41.44,75.75,68.39,81.99,58.10,,,73.4,72.0,82.73,65.83,48.94,60.90,89.29,60.3,83.14,,81.40,,58.17
1996Nov,73.79,62.16,,57.10,,69.78,72.8,62.7,41.74,75.75,68.25,81.60,57.87,,,73.4,72.1,82.73,65.90,48.87,60.90,89.20,59.9,83.06,,81.78,,58.19
1996Oct,73.64,62.16,,57.10,,69.86,72.8,62.5,41.68,75.83,68.25,81.62,57.48,,,73.5,72.2,82.61,65.83,48.81,60.85,89.11,59.4,83.14,,82.78,,58.00
1996Sep,73.57,62.10,,57.10,,69.77,72.8,61.2,41.88,75.75,68.18,81.52,57.31,,,73.5,72.1,82.46,65.70,49.09,60.84,89.02,58.5,83.14,,82.68,,57.80
1996Aug,73.50,62.04,,56.64,,69.78,72.7,61.8,41.98,75.60,67.91,81.46,57.08,,,73.6,72.2,82.74,65.50,48.87,60.89,89.20,57.6,83.23,,82.91,,57.61
1996Jul,73.35,61.91,,56.64,,69.71,72.7,61.8,41.92,75.60,67.64,81.22,57.31,,,73.6,72.2,82.54,65.44,48.81,60.86,88.94,56.4,83.31,,82.57,,57.62
1996Jun,72.25,61.91,,56.64,,69.54,72.7,61.6,41.70,75.60,68.05,81.18,57.25,,,73.6,72.1,82.20,65.37,48.32,60.65,88.85,55.4,83.31,,82.79,,57.32
1996May,72.47,61.73,,56.64,,69.38,72.6,61.8,41.45,75.45,68.18,81.21,56.96,,,73.6,72.0,81.37,65.37,48.03,60.31,89.02,54.7,83.14,,81.91,,57.06
1996Apr,71.96,61.85,,56.42,,69.03,72.6,61.7,41.63,75.30,68.18,81.29,56.11,,,73.5,70.5,81.07,65.37,47.75,59.30,88.94,54.0,83.06,,82.35,,56.62
1996Mar,72.62,61.73,,56.39,,68.88,72.7,61.7,40.96,75.22,67.91,81.24,55.43,,,73.3,70.5,80.96,65.24,47.56,59.01,88.58,53.3,82.64,,82.23,,56.53
1996Feb,72.62,61.60,,55.93,,68.73,72.6,61.5,40.63,75.22,67.91,81.24,55.49,,,73.2,70.3,80.63,65.24,46.53,58.95,88.49,52.5,82.40,,81.38,,56.43
1996Jan,72.55,61.36,,55.54,,68.67,72.6,61.5,40.65,75.15,67.71,81.12,55.09,,,73.2,70.1,79.55,65.31,46.25,58.89,88.49,51.4,82.23,,81.16,,56.38